,user_id,movie_id,score
0,68664,27390,4
1,14233,30431,3
2,11824,24982,4
3,62792,43734,5
4,87954,46902,4
5,109038,102691,3
6,54683,15659,4
7,130809,72473,3
8,115895,922,4
9,73264,222858,4
10,35433,176241,3
11,99629,56256,4
12,133114,76338,3
13,1659,54186,5
14,42704,31462,3
15,33873,29592,3
16,112609,15709,4
17,118884,11139,4
18,33769,84175,5
19,37975,8618,4
20,118133,15824,4
21,22395,582,5
22,47978,63858,3
23,12138,20545,2
24,110126,278334,4
25,99091,170767,3
26,65390,37627,3
27,40420,39988,4
28,125394,11614,4
29,90268,28131,4
30,1285,105077,4
31,59250,1412,4
32,44662,121691,3
33,2227,21585,4
34,93858,68189,3
35,68577,122348,4
36,44760,149085,4
37,86217,158091,4
38,19652,117678,4
39,2063,64973,4
40,84336,39282,3
41,138254,312813,4
42,108199,27094,4
43,10296,1890,3
44,38605,27245,3
45,117797,879,3
46,89323,17113,5
47,111939,22556,4
48,98610,41120,4
49,27536,28666,3
50,8158,51179,2
51,137297,27016,4
52,114805,84317,3
53,76165,17689,3
54,7702,26259,4
55,72642,38850,4
56,35963,49980,4
57,45946,32617,3
58,59521,47259,4
59,105915,78705,5
60,66955,21386,3
61,56540,121791,4
62,6608,42701,5
63,10101,20539,3
64,117495,234155,4
65,33386,44626,4
66,132878,90770,3
67,50791,91426,4
68,71154,91549,4
69,71154,91549,4
70,71154,91549,4
71,55210,8358,4
72,55210,8358,4
73,50791,91426,4
74,50791,91426,4
75,118579,10440,3
76,117811,32407,4
77,118579,10440,3
78,118579,10440,3
79,24378,7992,3
80,24378,7992,3
81,24378,7992,3
82,71154,91549,4
83,71154,91549,4
84,55210,8358,4
85,117811,32407,4
86,55210,8358,4
87,24378,7992,3
88,50791,91426,4
89,50791,91426,4
90,117811,32407,4
91,117811,32407,4
92,24378,7992,3
93,117811,32407,4
94,71154,91549,4
95,71154,91549,4
96,117811,32407,4
97,55210,8358,4
98,24378,7992,3
99,50791,91426,4
100,50791,91426,4
101,117811,32407,4
102,118579,10440,3
103,55210,8358,4
104,118579,10440,3
105,50791,91426,4
106,24378,7992,3
107,118579,10440,3
108,71154,91549,4
109,24378,7992,3
110,71154,91549,4
111,71154,91549,4
112,50791,91426,4
113,55210,8358,4
114,55210,8358,4
115,50791,91426,4
116,117811,32407,4
117,50791,91426,4
118,24378,7992,3
119,24378,7992,3
120,71154,91549,4
121,50791,91426,4
122,71154,91549,4
123,117811,32407,4
124,55210,8358,4
125,50791,91426,4
126,50791,91426,4
127,50791,91426,4
128,118579,10440,3
129,117811,32407,4
130,118579,10440,3
131,117811,32407,4
132,24378,7992,3
133,71154,91549,4
134,117811,32407,4
135,24378,7992,3
136,50791,91426,4
137,118579,10440,3
138,50791,91426,4
139,24378,7992,3
140,117811,32407,4
141,24378,7992,3
142,71154,91549,4
143,50791,91426,4
144,71154,91549,4
145,71154,91549,4
146,117811,32407,4
147,55210,8358,4
148,50791,91426,4
149,55210,8358,4
150,117811,32407,4
151,117811,32407,4
152,24378,7992,3
153,117811,32407,4
154,24378,7992,3
155,71154,91549,4
156,71154,91549,4
157,118579,10440,3
158,55210,8358,4
159,50791,91426,4
160,118579,10440,3
161,117811,32407,4
162,118579,10440,3
163,117811,32407,4
164,24378,7992,3
165,24378,7992,3
166,118579,10440,3
167,117811,32407,4
168,24378,7992,3
169,71154,91549,4
170,71154,91549,4
171,55210,8358,4
172,50791,91426,4
173,118579,10440,3
174,118579,10440,3
175,117811,32407,4
176,118579,10440,3
177,117811,32407,4
178,24378,7992,3
179,24378,7992,3
180,55210,8358,4
181,71154,91549,4
182,118579,10440,3
183,55210,8358,4
184,50791,91426,4
185,24378,7992,3
186,55210,8358,4
187,50791,91426,4
188,117811,32407,4
189,50791,91426,4
190,117811,32407,4
191,71154,91549,4
192,117811,32407,4
193,55210,8358,4
194,55210,8358,4
195,50791,91426,4
196,24378,7992,3
197,50791,91426,4
198,117811,32407,4
199,118579,10440,3
200,117811,32407,4
201,55210,8358,4
202,50791,91426,4
203,24378,7992,3
204,24378,7992,3
205,118579,10440,3
206,117811,32407,4
207,24378,7992,3
208,55210,8358,4
209,50791,91426,4
210,24378,7992,3
211,117811,32407,4
212,118579,10440,3
213,50791,91426,4
214,24378,7992,3
215,117811,32407,4
216,71154,91549,4
217,71154,91549,4
218,71154,91549,4
219,55210,8358,4
220,117811,32407,4
221,55210,8358,4
222,24378,7992,3
223,118579,10440,3
224,50791,91426,4
225,118579,10440,3
226,117811,32407,4
227,24378,7992,3
228,118579,10440,3
229,24378,7992,3
230,24378,7992,3
231,71154,91549,4
232,71154,91549,4
233,118579,10440,3
234,55210,8358,4
235,55210,8358,4
236,50791,91426,4
237,117811,32407,4
238,24378,7992,3
239,117811,32407,4
240,24378,7992,3
241,24378,7992,3
242,71154,91549,4
243,71154,91549,4
244,55210,8358,4
245,55210,8358,4
246,55210,8358,4
247,118579,10440,3
248,117811,32407,4
249,118579,10440,3
250,71154,91549,4
251,55210,8358,4
252,55210,8358,4
253,55210,8358,4
254,50791,91426,4
255,50791,91426,4
256,55210,8358,4
257,50791,91426,4
258,118579,10440,3
259,117811,32407,4
260,118579,10440,3
261,117811,32407,4
262,117811,32407,4
263,117811,32407,4
264,24378,7992,3
265,71154,91549,4
266,71154,91549,4
267,55210,8358,4
268,50791,91426,4
269,118579,10440,3
270,118579,10440,3
271,118579,10440,3
272,117811,32407,4
273,118579,10440,3
274,117811,32407,4
275,24378,7992,3
276,24378,7992,3
277,71154,91549,4
278,71154,91549,4
279,55210,8358,4
280,55210,8358,4
281,50791,91426,4
282,50791,91426,4
283,118579,10440,3
284,117811,32407,4
285,117811,32407,4
286,118579,10440,3
287,117811,32407,4
288,118579,10440,3
289,118579,10440,3
290,117811,32407,4
291,24378,7992,3
292,24378,7992,3
293,24378,7992,3
294,71154,91549,4
295,71154,91549,4
296,71154,91549,4
297,71154,91549,4
298,44234,267480,4
299,16446,265449,3
300,55210,8358,4
301,55210,8358,4
302,50791,91426,4
303,50791,91426,4
304,50791,91426,4
305,50791,91426,4
306,118579,10440,3
307,118579,10440,3
308,117811,32407,4
309,117811,32407,4
310,118579,10440,3
311,118579,10440,3
312,117811,32407,4
313,24378,7992,3
314,24378,7992,3
315,56145,320849,3
316,71154,91549,4
317,71154,91549,4
318,71154,91549,4
319,71154,91549,4
320,71154,91549,4
321,71154,91549,4
322,71154,91549,4
323,55210,8358,4
324,55210,8358,4
325,50791,91426,4
326,50791,91426,4
327,118579,10440,3
328,118579,10440,3
329,118579,10440,3
330,118579,10440,3
331,24378,7992,3
332,24378,7992,3
333,24378,7992,3
334,71154,91549,4
335,55210,8358,4
336,55210,8358,4
337,50791,91426,4
338,50791,91426,4
339,50791,91426,4
340,117811,32407,4
341,117811,32407,4
342,118579,10440,3
343,24378,7992,3
344,71154,91549,4
345,55210,8358,4
346,55210,8358,4
347,55210,8358,4
348,50791,91426,4
349,50791,91426,4
350,117811,32407,4
351,117811,32407,4
352,118579,10440,3
353,117811,32407,4
354,117811,32407,4
355,24378,7992,3
356,24378,7992,3
357,24378,7992,3
358,71154,91549,4
359,71154,91549,4
360,55210,8358,4
361,55210,8358,4
362,55210,8358,4
363,50791,91426,4
364,55210,8358,4
365,50791,91426,4
366,71154,91549,4
367,118579,10440,3
368,117811,32407,4
369,24378,7992,3
370,24378,7992,3
371,24378,7992,3
372,24378,7992,3
373,24378,7992,3
374,71154,91549,4
375,24378,7992,3
376,71154,91549,4
377,71154,91549,4
378,71154,91549,4
379,55210,8358,4
380,55210,8358,4
381,55210,8358,4
382,50791,91426,4
383,50791,91426,4
384,117811,32407,4
385,118579,10440,3
386,117811,32407,4
387,118579,10440,3
388,118579,10440,3
389,118579,10440,3
390,50791,91426,4
391,71154,91549,4
392,55210,8358,4
393,50791,91426,4
394,50791,91426,4
395,50791,91426,4
396,117811,32407,4
397,118579,10440,3
398,118579,10440,3
399,117811,32407,4
400,117811,32407,4
401,118579,10440,3
402,117811,32407,4
403,117811,32407,4
404,24378,7992,3
405,55210,8358,4
406,71154,91549,4
407,50791,91426,4
408,71154,91549,4
409,117811,32407,4
410,55210,8358,4
411,55210,8358,4
412,55210,8358,4
413,50791,91426,4
414,50791,91426,4
415,118579,10440,3
416,117811,32407,4
417,117811,32407,4
418,117811,32407,4
419,24378,7992,3
420,24378,7992,3
421,71154,91549,4
422,71154,91549,4
423,71154,91549,4
424,118579,10440,3
425,117811,32407,4
426,55210,8358,4
427,55210,8358,4
428,50791,91426,4
429,55210,8358,4
430,50791,91426,4
431,55210,8358,4
432,50791,91426,4
433,117811,32407,4
434,117811,32407,4
435,118579,10440,3
436,117811,32407,4
437,118579,10440,3
438,118579,10440,3
439,117811,32407,4
440,24378,7992,3
441,24378,7992,3
442,71154,91549,4
443,71154,91549,4
444,118579,10440,3
445,55210,8358,4
446,55210,8358,4
447,50791,91426,4
448,55210,8358,4
449,55210,8358,4
450,118579,10440,3
451,118579,10440,3
452,118579,10440,3
453,118579,10440,3
454,117811,32407,4
455,24378,7992,3
456,24378,7992,3
457,71154,91549,4
458,71154,91549,4
459,71154,91549,4
460,24378,7992,3
461,55210,8358,4
462,55210,8358,4
463,55210,8358,4
464,50791,91426,4
465,50791,91426,4
466,118579,10440,3
467,117811,32407,4
468,118579,10440,3
469,117811,32407,4
470,118579,10440,3
471,118579,10440,3
472,24378,7992,3
473,24378,7992,3
474,71154,91549,4
475,71154,91549,4
476,71154,91549,4
477,71154,91549,4
478,117811,32407,4
479,50791,91426,4
480,50791,91426,4
481,50791,91426,4
482,50791,91426,4
483,118579,10440,3
484,117811,32407,4
485,117811,32407,4
486,117811,32407,4
487,118579,10440,3
488,118579,10440,3
489,117811,32407,4
490,117811,32407,4
491,71154,91549,4
492,71154,91549,4
493,50791,91426,4
494,71154,91549,4
495,71154,91549,4
496,118579,10440,3
497,117811,32407,4
498,24378,7992,3
499,55210,8358,4
500,55210,8358,4
501,55210,8358,4
502,50791,91426,4
503,55210,8358,4
504,50791,91426,4
505,50791,91426,4
506,118579,10440,3
507,118579,10440,3
508,117811,32407,4
509,118579,10440,3
510,24378,7992,3
511,71154,91549,4
512,24378,7992,3
513,71154,91549,4
514,71154,91549,4
515,71154,91549,4
516,55210,8358,4
517,55210,8358,4
518,50791,91426,4
519,55210,8358,4
520,50791,91426,4
521,117811,32407,4
522,55210,8358,4
523,71154,91549,4
524,71154,91549,4
525,71154,91549,4
526,117811,32407,4
527,24378,7992,3
528,50791,91426,4
529,55210,8358,4
530,50791,91426,4
531,50791,91426,4
532,50791,91426,4
533,118579,10440,3
534,117811,32407,4
535,117811,32407,4
536,117811,32407,4
537,118579,10440,3
538,24378,7992,3
539,24378,7992,3
540,24378,7992,3
541,50791,91426,4
542,71154,91549,4
543,118579,10440,3
544,55210,8358,4
545,50791,91426,4
546,55210,8358,4
547,55210,8358,4
548,50791,91426,4
549,118579,10440,3
550,118579,10440,3
551,117811,32407,4
552,118579,10440,3
553,118579,10440,3
554,117811,32407,4
555,118579,10440,3
556,24378,7992,3
557,24378,7992,3
558,24378,7992,3
559,55210,8358,4
560,117811,32407,4
561,55210,8358,4
562,50791,91426,4
563,50791,91426,4
564,118579,10440,3
565,117811,32407,4
566,117811,32407,4
567,118579,10440,3
568,118579,10440,3
569,118579,10440,3
570,24378,7992,3
571,24378,7992,3
572,24378,7992,3
573,71154,91549,4
574,71154,91549,4
575,24378,7992,3
576,55210,8358,4
577,55210,8358,4
578,50791,91426,4
579,50791,91426,4
580,118579,10440,3
581,118579,10440,3
582,117811,32407,4
583,117811,32407,4
584,118579,10440,3
585,117811,32407,4
586,117811,32407,4
587,118579,10440,3
588,117811,32407,4
589,118579,10440,3
590,117811,32407,4
591,71154,91549,4
592,24378,7992,3
593,71154,91549,4
594,71154,91549,4
595,71154,91549,4
596,24378,7992,3
597,55210,8358,4
598,50791,91426,4
599,50791,91426,4
600,118579,10440,3
601,50791,91426,4
602,118579,10440,3
603,117811,32407,4
604,117811,32407,4
605,24378,7992,3
606,24378,7992,3
607,71154,91549,4
608,71154,91549,4
609,71154,91549,4
610,118579,10440,3
611,117811,32407,4
612,55210,8358,4
613,55210,8358,4
614,55210,8358,4
615,55210,8358,4
616,55210,8358,4
617,50791,91426,4
618,55210,8358,4
619,118579,10440,3
620,117811,32407,4
621,117811,32407,4
622,117811,32407,4
623,24378,7992,3
624,24378,7992,3
625,24378,7992,3
626,55210,8358,4
627,71154,91549,4
628,71154,91549,4
629,71154,91549,4
630,71154,91549,4
631,118579,10440,3
632,117811,32407,4
633,55210,8358,4
634,50791,91426,4
635,50791,91426,4
636,50791,91426,4
637,118579,10440,3
638,117811,32407,4
639,118579,10440,3
640,118579,10440,3
641,118579,10440,3
642,118579,10440,3
643,117811,32407,4
644,24378,7992,3
645,24378,7992,3
646,71154,91549,4
647,71154,91549,4
648,71154,91549,4
649,71154,91549,4
650,24378,7992,3
651,55210,8358,4
652,55210,8358,4
653,50791,91426,4
654,117811,32407,4
655,117811,32407,4
656,118579,10440,3
657,118579,10440,3
658,24378,7992,3
659,117811,32407,4
660,71154,91549,4
661,24378,7992,3
662,71154,91549,4
663,71154,91549,4
664,55210,8358,4
665,55210,8358,4
666,50791,91426,4
667,55210,8358,4
668,50791,91426,4
669,50791,91426,4
670,117811,32407,4
671,117811,32407,4
672,118579,10440,3
673,117811,32407,4
674,24378,7992,3
675,117811,32407,4
676,24378,7992,3
677,24378,7992,3
678,55210,8358,4
679,50791,91426,4
680,55210,8358,4
681,118579,10440,3
682,50791,91426,4
683,117811,32407,4
684,50791,91426,4
685,118579,10440,3
686,118579,10440,3
687,117811,32407,4
688,24378,7992,3
689,117811,32407,4
690,24378,7992,3
691,71154,91549,4
692,24378,7992,3
693,24378,7992,3
694,71154,91549,4
695,71154,91549,4
696,117811,32407,4
697,55210,8358,4
698,55210,8358,4
699,55210,8358,4
700,118579,10440,3
701,50791,91426,4
702,117811,32407,4
703,118579,10440,3
704,118579,10440,3
705,24378,7992,3
706,118579,10440,3
707,71154,91549,4
708,24378,7992,3
709,24378,7992,3
710,55210,8358,4
711,71154,91549,4
712,50791,91426,4
713,71154,91549,4
714,71154,91549,4
715,55210,8358,4
716,50791,91426,4
717,118579,10440,3
718,117811,32407,4
719,50791,91426,4
720,50791,91426,4
721,117811,32407,4
722,118579,10440,3
723,118579,10440,3
724,71154,91549,4
725,24378,7992,3
726,24378,7992,3
727,71154,91549,4
728,71154,91549,4
729,117811,32407,4
730,71154,91549,4
731,24378,7992,3
732,50791,91426,4
733,55210,8358,4
734,55210,8358,4
735,50791,91426,4
736,118579,10440,3
737,50791,91426,4
738,117811,32407,4
739,118579,10440,3
740,24378,7992,3
741,118579,10440,3
742,24378,7992,3
743,24378,7992,3
744,71154,91549,4
745,50791,91426,4
746,71154,91549,4
747,117811,32407,4
748,71154,91549,4
749,24378,7992,3
750,55210,8358,4
751,50791,91426,4
752,118579,10440,3
753,118579,10440,3
754,118579,10440,3
755,24378,7992,3
756,117811,32407,4
757,24378,7992,3
758,117811,32407,4
759,118579,10440,3
760,117811,32407,4
761,71154,91549,4
762,55210,8358,4
763,71154,91549,4
764,71154,91549,4
765,118579,10440,3
766,71154,91549,4
767,55210,8358,4
768,50791,91426,4
769,50791,91426,4
770,50791,91426,4
771,55210,8358,4
772,117811,32407,4
773,50791,91426,4
774,118579,10440,3
775,117811,32407,4
776,117811,32407,4
777,118579,10440,3
778,117811,32407,4
779,71154,91549,4
780,24378,7992,3
781,24378,7992,3
782,55210,8358,4
783,71154,91549,4
784,50791,91426,4
785,71154,91549,4
786,50791,91426,4
787,55210,8358,4
788,55210,8358,4
789,50791,91426,4
790,55210,8358,4
791,50791,91426,4
792,50791,91426,4
793,118579,10440,3
794,117811,32407,4
795,24378,7992,3
796,118579,10440,3
797,117811,32407,4
798,24378,7992,3
799,24378,7992,3
800,24378,7992,3
801,117811,32407,4
802,71154,91549,4
803,50791,91426,4
804,50791,91426,4
805,117811,32407,4
806,117811,32407,4
807,118579,10440,3
808,117811,32407,4
809,24378,7992,3
810,118579,10440,3
811,71154,91549,4
812,24378,7992,3
813,24378,7992,3
814,55210,8358,4
815,71154,91549,4
816,50791,91426,4
817,71154,91549,4
818,117811,32407,4
819,71154,91549,4
820,71154,91549,4
821,55210,8358,4
822,50791,91426,4
823,118579,10440,3
824,55210,8358,4
825,55210,8358,4
826,117811,32407,4
827,118579,10440,3
828,117811,32407,4
829,118579,10440,3
830,24378,7992,3
831,117811,32407,4
832,117811,32407,4
833,24378,7992,3
834,24378,7992,3
835,55210,8358,4
836,71154,91549,4
837,71154,91549,4
838,24378,7992,3
839,50791,91426,4
840,50791,91426,4
841,50791,91426,4
842,55210,8358,4
843,117811,32407,4
844,55210,8358,4
845,117811,32407,4
846,50791,91426,4
847,118579,10440,3
848,117811,32407,4
849,24378,7992,3
850,24378,7992,3
851,55210,8358,4
852,71154,91549,4
853,71154,91549,4
854,50791,91426,4
855,50791,91426,4
856,118579,10440,3
857,55210,8358,4
858,50791,91426,4
859,118579,10440,3
860,117811,32407,4
861,24378,7992,3
862,24378,7992,3
863,71154,91549,4
864,24378,7992,3
865,24378,7992,3
866,24378,7992,3
867,71154,91549,4
868,71154,91549,4
869,71154,91549,4
870,117811,32407,4
871,71154,91549,4
872,55210,8358,4
873,50791,91426,4
874,55210,8358,4
875,118579,10440,3
876,50791,91426,4
877,117811,32407,4
878,118579,10440,3
879,71154,91549,4
880,117811,32407,4
881,118579,10440,3
882,24378,7992,3
883,24378,7992,3
884,55210,8358,4
885,71154,91549,4
886,71154,91549,4
887,118579,10440,3
888,71154,91549,4
889,24378,7992,3
890,55210,8358,4
891,50791,91426,4
892,117811,32407,4
893,117811,32407,4
894,55210,8358,4
895,50791,91426,4
896,118579,10440,3
897,24378,7992,3
898,118579,10440,3
899,71154,91549,4
900,24378,7992,3
901,24378,7992,3
902,24378,7992,3
903,24378,7992,3
904,55210,8358,4
905,71154,91549,4
906,118579,10440,3
907,71154,91549,4
908,50791,91426,4
909,118579,10440,3
910,117811,32407,4
911,55210,8358,4
912,117811,32407,4
913,55210,8358,4
914,118579,10440,3
915,118579,10440,3
916,117811,32407,4
917,117811,32407,4
918,118579,10440,3
919,24378,7992,3
920,24378,7992,3
921,24378,7992,3
922,55210,8358,4
923,50791,91426,4
924,117811,32407,4
925,71154,91549,4
926,71154,91549,4
927,50791,91426,4
928,50791,91426,4
929,50791,91426,4
930,24378,7992,3
931,117811,32407,4
932,24378,7992,3
933,24378,7992,3
934,71154,91549,4
935,71154,91549,4
936,71154,91549,4
937,24378,7992,3
938,50791,91426,4
939,118579,10440,3
940,117811,32407,4
941,50791,91426,4
942,118579,10440,3
943,117811,32407,4
944,118579,10440,3
945,117811,32407,4
946,71154,91549,4
947,24378,7992,3
948,117811,32407,4
949,24378,7992,3
950,71154,91549,4
951,55210,8358,4
952,55210,8358,4
953,50791,91426,4
954,50791,91426,4
955,118579,10440,3
956,50791,91426,4
957,117811,32407,4
958,118579,10440,3
959,117811,32407,4
960,24378,7992,3
961,24378,7992,3
962,24378,7992,3
963,50791,91426,4
964,71154,91549,4
965,71154,91549,4
966,118579,10440,3
967,117811,32407,4
968,71154,91549,4
969,50791,91426,4
970,55210,8358,4
971,117811,32407,4
972,55210,8358,4
973,118579,10440,3
974,117811,32407,4
975,117811,32407,4
976,117811,32407,4
977,71154,91549,4
978,71154,91549,4
979,71154,91549,4
980,55210,8358,4
981,50791,91426,4
982,50791,91426,4
983,55210,8358,4
984,50791,91426,4
985,118579,10440,3
986,50791,91426,4
987,50791,91426,4
988,118579,10440,3
989,24378,7992,3
990,117811,32407,4
991,71154,91549,4
992,118579,10440,3
993,117811,32407,4
994,24378,7992,3
995,71154,91549,4
996,71154,91549,4
997,50791,91426,4
998,55210,8358,4
999,50791,91426,4
1000,24378,7992,3
1001,24378,7992,3
1002,118579,10440,3
1003,71154,91549,4
1004,117811,32407,4
1005,117811,32407,4
1006,117811,32407,4
1007,24378,7992,3
1008,24378,7992,3
1009,71154,91549,4
1010,71154,91549,4
1011,55210,8358,4
1012,55210,8358,4
1013,118579,10440,3
1014,117811,32407,4
1015,55210,8358,4
1016,50791,91426,4
1017,24378,7992,3
1018,24378,7992,3
1019,71154,91549,4
1020,118579,10440,3
1021,24378,7992,3
1022,24378,7992,3
1023,71154,91549,4
1024,118579,10440,3
1025,71154,91549,4
1026,71154,91549,4
1027,118579,10440,3
1028,118579,10440,3
1029,117811,32407,4
1030,50791,91426,4
1031,24378,7992,3
1032,71154,91549,4
1033,118579,10440,3
1034,118579,10440,3
1035,117811,32407,4
1036,117811,32407,4
1037,24378,7992,3
1038,55210,8358,4
1039,71154,91549,4
1040,71154,91549,4
1041,71154,91549,4
1042,50791,91426,4
1043,55210,8358,4
1044,55210,8358,4
1045,117811,32407,4
1046,55210,8358,4
1047,50791,91426,4
1048,24378,7992,3
1049,118579,10440,3
1050,117811,32407,4
1051,118579,10440,3
1052,117811,32407,4
1053,24378,7992,3
1054,24378,7992,3
1055,55210,8358,4
1056,71154,91549,4
1057,71154,91549,4
1058,71154,91549,4
1059,55210,8358,4
1060,55210,8358,4
1061,118579,10440,3
1062,50791,91426,4
1063,50791,91426,4
1064,50791,91426,4
1065,117811,32407,4
1066,118579,10440,3
1067,24378,7992,3
1068,24378,7992,3
1069,55210,8358,4
1070,71154,91549,4
1071,71154,91549,4
1072,71154,91549,4
1073,55210,8358,4
1074,118579,10440,3
1075,55210,8358,4
1076,50791,91426,4
1077,24378,7992,3
1078,50791,91426,4
1079,71154,91549,4
1080,117811,32407,4
1081,117811,32407,4
1082,118579,10440,3
1083,24378,7992,3
1084,71154,91549,4
1085,71154,91549,4
1086,118579,10440,3
1087,71154,91549,4
1088,71154,91549,4
1089,71154,91549,4
1090,24378,7992,3
1091,55210,8358,4
1092,50791,91426,4
1093,118579,10440,3
1094,117811,32407,4
1095,71154,91549,4
1096,118579,10440,3
1097,117811,32407,4
1098,118579,10440,3
1099,24378,7992,3
1100,24378,7992,3
1101,55210,8358,4
1102,71154,91549,4
1103,118579,10440,3
1104,117811,32407,4
1105,55210,8358,4
1106,50791,91426,4
1107,118579,10440,3
1108,55210,8358,4
1109,118579,10440,3
1110,117811,32407,4
1111,50791,91426,4
1112,118579,10440,3
1113,118579,10440,3
1114,117811,32407,4
1115,118579,10440,3
1116,24378,7992,3
1117,24378,7992,3
1118,50791,91426,4
1119,71154,91549,4
1120,117811,32407,4
1121,71154,91549,4
1122,117811,32407,4
1123,55210,8358,4
1124,55210,8358,4
1125,50791,91426,4
1126,55210,8358,4
1127,24378,7992,3
1128,50791,91426,4
1129,24378,7992,3
1130,118579,10440,3
1131,24378,7992,3
1132,50791,91426,4
1133,71154,91549,4
1134,71154,91549,4
1135,118579,10440,3
1136,24378,7992,3
1137,71154,91549,4
1138,55210,8358,4
1139,50791,91426,4
1140,118579,10440,3
1141,117811,32407,4
1142,55210,8358,4
1143,118579,10440,3
1144,117811,32407,4
1145,50791,91426,4
1146,24378,7992,3
1147,71154,91549,4
1148,118579,10440,3
1149,118579,10440,3
1150,117811,32407,4
1151,24378,7992,3
1152,55210,8358,4
1153,71154,91549,4
1154,71154,91549,4
1155,71154,91549,4
1156,71154,91549,4
1157,55210,8358,4
1158,50791,91426,4
1159,117811,32407,4
1160,55210,8358,4
1161,118579,10440,3
1162,50791,91426,4
1163,24378,7992,3
1164,118579,10440,3
1165,117811,32407,4
1166,117811,32407,4
1167,24378,7992,3
1168,24378,7992,3
1169,50791,91426,4
1170,71154,91549,4
1171,117811,32407,4
1172,71154,91549,4
1173,71154,91549,4
1174,71154,91549,4
1175,55210,8358,4
1176,50791,91426,4
1177,55210,8358,4
1178,117811,32407,4
1179,118579,10440,3
1180,55210,8358,4
1181,50791,91426,4
1182,50791,91426,4
1183,71154,91549,4
1184,50791,91426,4
1185,117811,32407,4
1186,55210,8358,4
1187,118579,10440,3
1188,117811,32407,4
1189,71154,91549,4
1190,24378,7992,3
1191,50791,91426,4
1192,118579,10440,3
1193,50791,91426,4
1194,55210,8358,4
1195,55210,8358,4
1196,50791,91426,4
1197,50791,91426,4
1198,118579,10440,3
1199,118579,10440,3
1200,117811,32407,4
1201,118579,10440,3
1202,24378,7992,3
1203,24378,7992,3
1204,55210,8358,4
1205,71154,91549,4
1206,71154,91549,4
1207,24378,7992,3
1208,71154,91549,4
1209,55210,8358,4
1210,50791,91426,4
1211,50791,91426,4
1212,55210,8358,4
1213,118579,10440,3
1214,117811,32407,4
1215,55210,8358,4
1216,50791,91426,4
1217,50791,91426,4
1218,118579,10440,3
1219,118579,10440,3
1220,117811,32407,4
1221,24378,7992,3
1222,118579,10440,3
1223,71154,91549,4
1224,71154,91549,4
1225,71154,91549,4
1226,71154,91549,4
1227,55210,8358,4
1228,50791,91426,4
1229,118579,10440,3
1230,117811,32407,4
1231,50791,91426,4
1232,24378,7992,3
1233,24378,7992,3
1234,117811,32407,4
1235,118579,10440,3
1236,118579,10440,3
1237,118579,10440,3
1238,24378,7992,3
1239,50791,91426,4
1240,71154,91549,4
1241,71154,91549,4
1242,71154,91549,4
1243,55210,8358,4
1244,118579,10440,3
1245,117811,32407,4
1246,118579,10440,3
1247,55210,8358,4
1248,71154,91549,4
1249,24378,7992,3
1250,118579,10440,3
1251,117811,32407,4
1252,118579,10440,3
1253,118579,10440,3
1254,24378,7992,3
1255,50791,91426,4
1256,71154,91549,4
1257,118579,10440,3
1258,117811,32407,4
1259,24378,7992,3
1260,71154,91549,4
1261,55210,8358,4
1262,50791,91426,4
1263,55210,8358,4
1264,117811,32407,4
1265,118579,10440,3
1266,55210,8358,4
1267,55210,8358,4
1268,55210,8358,4
1269,24378,7992,3
1270,118579,10440,3
1271,117811,32407,4
1272,118579,10440,3
1273,117811,32407,4
1274,24378,7992,3
1275,55210,8358,4
1276,50791,91426,4
1277,71154,91549,4
1278,118579,10440,3
1279,117811,32407,4
1280,71154,91549,4
1281,71154,91549,4
1282,71154,91549,4
1283,55210,8358,4
1284,55210,8358,4
1285,55210,8358,4
1286,118579,10440,3
1287,50791,91426,4
1288,117811,32407,4
1289,118579,10440,3
1290,117811,32407,4
1291,118579,10440,3
1292,24378,7992,3
1293,24378,7992,3
1294,55210,8358,4
1295,71154,91549,4
1296,55210,8358,4
1297,50791,91426,4
1298,50791,91426,4
1299,118579,10440,3
1300,118579,10440,3
1301,55210,8358,4
1302,50791,91426,4
1303,50791,91426,4
1304,118579,10440,3
1305,117811,32407,4
1306,118579,10440,3
1307,118579,10440,3
1308,117811,32407,4
1309,50791,91426,4
1310,71154,91549,4
1311,118579,10440,3
1312,117811,32407,4
1313,71154,91549,4
1314,55210,8358,4
1315,50791,91426,4
1316,118579,10440,3
1317,117811,32407,4
1318,50791,91426,4
1319,55210,8358,4
1320,118579,10440,3
1321,50791,91426,4
1322,24378,7992,3
1323,24378,7992,3
1324,55210,8358,4
1325,50791,91426,4
1326,117811,32407,4
1327,71154,91549,4
1328,55210,8358,4
1329,50791,91426,4
1330,50791,91426,4
1331,118579,10440,3
1332,50791,91426,4
1333,55210,8358,4
1334,24378,7992,3
1335,118579,10440,3
1336,117811,32407,4
1337,118579,10440,3
1338,117811,32407,4
1339,118579,10440,3
1340,24378,7992,3
1341,55210,8358,4
1342,71154,91549,4
1343,71154,91549,4
1344,71154,91549,4
1345,55210,8358,4
1346,118579,10440,3
1347,117811,32407,4
1348,118579,10440,3
1349,55210,8358,4
1350,50791,91426,4
1351,55210,8358,4
1352,24378,7992,3
1353,118579,10440,3
1354,24378,7992,3
1355,118579,10440,3
1356,24378,7992,3
1357,24378,7992,3
1358,71154,91549,4
1359,24378,7992,3
1360,55210,8358,4
1361,55210,8358,4
1362,50791,91426,4
1363,55210,8358,4
1364,50791,91426,4
1365,24378,7992,3
1366,55210,8358,4
1367,118579,10440,3
1368,50791,91426,4
1369,118579,10440,3
1370,117811,32407,4
1371,118579,10440,3
1372,118579,10440,3
1373,117811,32407,4
1374,71154,91549,4
1375,71154,91549,4
1376,55210,8358,4
1377,50791,91426,4
1378,118579,10440,3
1379,117811,32407,4
1380,117811,32407,4
1381,55210,8358,4
1382,50791,91426,4
1383,50791,91426,4
1384,24378,7992,3
1385,117811,32407,4
1386,50791,91426,4
1387,118579,10440,3
1388,117811,32407,4
1389,118579,10440,3
1390,24378,7992,3
1391,24378,7992,3
1392,24378,7992,3
1393,71154,91549,4
1394,71154,91549,4
1395,55210,8358,4
1396,71154,91549,4
1397,50791,91426,4
1398,50791,91426,4
1399,117811,32407,4
1400,55210,8358,4
1401,55210,8358,4
1402,50791,91426,4
1403,117811,32407,4
1404,117811,32407,4
1405,24378,7992,3
1406,117811,32407,4
1407,24378,7992,3
1408,55210,8358,4
1409,118579,10440,3
1410,117811,32407,4
1411,71154,91549,4
1412,24378,7992,3
1413,71154,91549,4
1414,50791,91426,4
1415,50791,91426,4
1416,117811,32407,4
1417,55210,8358,4
1418,50791,91426,4
1419,55210,8358,4
1420,117811,32407,4
1421,117811,32407,4
1422,118579,10440,3
1423,118579,10440,3
1424,24378,7992,3
1425,24378,7992,3
1426,71154,91549,4
1427,71154,91549,4
1428,55210,8358,4
1429,55210,8358,4
1430,50791,91426,4
1431,118579,10440,3
1432,55210,8358,4
1433,24378,7992,3
1434,24378,7992,3
1435,55210,8358,4
1436,117811,32407,4
1437,118579,10440,3
1438,50791,91426,4
1439,117811,32407,4
1440,118579,10440,3
1441,50791,91426,4
1442,71154,91549,4
1443,24378,7992,3
1444,55210,8358,4
1445,71154,91549,4
1446,50791,91426,4
1447,50791,91426,4
1448,117811,32407,4
1449,55210,8358,4
1450,50791,91426,4
1451,55210,8358,4
1452,71154,91549,4
1453,50791,91426,4
1454,118579,10440,3
1455,117811,32407,4
1456,118579,10440,3
1457,118579,10440,3
1458,117811,32407,4
1459,117811,32407,4
1460,55210,8358,4
1461,50791,91426,4
1462,24378,7992,3
1463,55210,8358,4
1464,71154,91549,4
1465,118579,10440,3
1466,118579,10440,3
1467,55210,8358,4
1468,50791,91426,4
1469,24378,7992,3
1470,117811,32407,4
1471,50791,91426,4
1472,117811,32407,4
1473,118579,10440,3
1474,24378,7992,3
1475,24378,7992,3
1476,55210,8358,4
1477,24378,7992,3
1478,71154,91549,4
1479,71154,91549,4
1480,24378,7992,3
1481,71154,91549,4
1482,55210,8358,4
1483,50791,91426,4
1484,50791,91426,4
1485,118579,10440,3
1486,117811,32407,4
1487,55210,8358,4
1488,55210,8358,4
1489,24378,7992,3
1490,24378,7992,3
1491,118579,10440,3
1492,118579,10440,3
1493,24378,7992,3
1494,24378,7992,3
1495,71154,91549,4
1496,71154,91549,4
1497,55210,8358,4
1498,118579,10440,3
1499,117811,32407,4
1500,118579,10440,3
1501,117811,32407,4
1502,50791,91426,4
1503,50791,91426,4
1504,55210,8358,4
1505,71154,91549,4
1506,117811,32407,4
1507,118579,10440,3
1508,118579,10440,3
1509,24378,7992,3
1510,55210,8358,4
1511,50791,91426,4
1512,71154,91549,4
1513,71154,91549,4
1514,118579,10440,3
1515,117811,32407,4
1516,71154,91549,4
1517,71154,91549,4
1518,71154,91549,4
1519,50791,91426,4
1520,117811,32407,4
1521,50791,91426,4
1522,24378,7992,3
1523,118579,10440,3
1524,117811,32407,4
1525,24378,7992,3
1526,117811,32407,4
1527,24378,7992,3
1528,55210,8358,4
1529,50791,91426,4
1530,24378,7992,3
1531,118579,10440,3
1532,117811,32407,4
1533,71154,91549,4
1534,117811,32407,4
1535,50791,91426,4
1536,24378,7992,3
1537,50791,91426,4
1538,118579,10440,3
1539,55210,8358,4
1540,118579,10440,3
1541,117811,32407,4
1542,24378,7992,3
1543,24378,7992,3
1544,24378,7992,3
1545,71154,91549,4
1546,71154,91549,4
1547,55210,8358,4
1548,71154,91549,4
1549,118579,10440,3
1550,118579,10440,3
1551,50791,91426,4
1552,50791,91426,4
1553,24378,7992,3
1554,50791,91426,4
1555,117811,32407,4
1556,117811,32407,4
1557,50791,91426,4
1558,24378,7992,3
1559,118579,10440,3
1560,55210,8358,4
1561,24378,7992,3
1562,24378,7992,3
1563,71154,91549,4
1564,118579,10440,3
1565,117811,32407,4
1566,55210,8358,4
1567,50791,91426,4
1568,117811,32407,4
1569,117811,32407,4
1570,55210,8358,4
1571,55210,8358,4
1572,50791,91426,4
1573,24378,7992,3
1574,24378,7992,3
1575,55210,8358,4
1576,55210,8358,4
1577,50791,91426,4
1578,118579,10440,3
1579,117811,32407,4
1580,24378,7992,3
1581,55210,8358,4
1582,118579,10440,3
1583,71154,91549,4
1584,55210,8358,4
1585,55210,8358,4
1586,118579,10440,3
1587,50791,91426,4
1588,24378,7992,3
1589,24378,7992,3
1590,117811,32407,4
1591,55210,8358,4
1592,71154,91549,4
1593,118579,10440,3
1594,24378,7992,3
1595,71154,91549,4
1596,55210,8358,4
1597,71154,91549,4
1598,50791,91426,4
1599,50791,91426,4
1600,71154,91549,4
1601,118579,10440,3
1602,118579,10440,3
1603,55210,8358,4
1604,50791,91426,4
1605,118579,10440,3
1606,50791,91426,4
1607,117811,32407,4
1608,71154,91549,4
1609,117811,32407,4
1610,24378,7992,3
1611,55210,8358,4
1612,71154,91549,4
1613,71154,91549,4
1614,117811,32407,4
1615,50791,91426,4
1616,71154,91549,4
1617,24378,7992,3
1618,55210,8358,4
1619,117811,32407,4
1620,117811,32407,4
1621,71154,91549,4
1622,117811,32407,4
1623,71154,91549,4
1624,71154,91549,4
1625,50791,91426,4
1626,50791,91426,4
1627,71154,91549,4
1628,71154,91549,4
1629,50791,91426,4
1630,118579,10440,3
1631,117811,32407,4
1632,117811,32407,4
1633,117811,32407,4
1634,24378,7992,3
1635,24378,7992,3
1636,55210,8358,4
1637,71154,91549,4
1638,24378,7992,3
1639,117811,32407,4
1640,55210,8358,4
1641,50791,91426,4
1642,50791,91426,4
1643,117811,32407,4
1644,55210,8358,4
1645,117811,32407,4
1646,50791,91426,4
1647,24378,7992,3
1648,24378,7992,3
1649,118579,10440,3
1650,117811,32407,4
1651,55210,8358,4
1652,71154,91549,4
1653,71154,91549,4
1654,24378,7992,3
1655,118579,10440,3
1656,117811,32407,4
1657,24378,7992,3
1658,71154,91549,4
1659,71154,91549,4
1660,55210,8358,4
1661,118579,10440,3
1662,117811,32407,4
1663,55210,8358,4
1664,24378,7992,3
1665,50791,91426,4
1666,55210,8358,4
1667,118579,10440,3
1668,117811,32407,4
1669,118579,10440,3
1670,117811,32407,4
1671,24378,7992,3
1672,118579,10440,3
1673,117811,32407,4
1674,55210,8358,4
1675,71154,91549,4
1676,71154,91549,4
1677,117811,32407,4
1678,24378,7992,3
1679,71154,91549,4
1680,71154,91549,4
1681,55210,8358,4
1682,50791,91426,4
1683,50791,91426,4
1684,118579,10440,3
1685,118579,10440,3
1686,117811,32407,4
1687,50791,91426,4
1688,24378,7992,3
1689,24378,7992,3
1690,50791,91426,4
1691,118579,10440,3
1692,117811,32407,4
1693,118579,10440,3
1694,55210,8358,4
1695,118579,10440,3
1696,117811,32407,4
1697,24378,7992,3
1698,24378,7992,3
1699,117811,32407,4
1700,24378,7992,3
1701,50791,91426,4
1702,118579,10440,3
1703,24378,7992,3
1704,71154,91549,4
1705,71154,91549,4
1706,50791,91426,4
1707,117811,32407,4
1708,118579,10440,3
1709,55210,8358,4
1710,50791,91426,4
1711,50791,91426,4
1712,55210,8358,4
1713,118579,10440,3
1714,55210,8358,4
1715,71154,91549,4
1716,24378,7992,3
1717,117811,32407,4
1718,24378,7992,3
1719,55210,8358,4
1720,55210,8358,4
1721,118579,10440,3
1722,117811,32407,4
1723,71154,91549,4
1724,24378,7992,3
1725,50791,91426,4
1726,55210,8358,4
1727,50791,91426,4
1728,117811,32407,4
1729,24378,7992,3
1730,24378,7992,3
1731,118579,10440,3
1732,24378,7992,3
1733,50791,91426,4
1734,24378,7992,3
1735,118579,10440,3
1736,117811,32407,4
1737,55210,8358,4
1738,55210,8358,4
1739,71154,91549,4
1740,50791,91426,4
1741,50791,91426,4
1742,55210,8358,4
1743,55210,8358,4
1744,117811,32407,4
1745,118579,10440,3
1746,55210,8358,4
1747,118579,10440,3
1748,50791,91426,4
1749,71154,91549,4
1750,24378,7992,3
1751,118579,10440,3
1752,24378,7992,3
1753,71154,91549,4
1754,118579,10440,3
1755,117811,32407,4
1756,118579,10440,3
1757,117811,32407,4
1758,55210,8358,4
1759,71154,91549,4
1760,55210,8358,4
1761,55210,8358,4
1762,55210,8358,4
1763,117811,32407,4
1764,24378,7992,3
1765,71154,91549,4
1766,24378,7992,3
1767,24378,7992,3
1768,55210,8358,4
1769,50791,91426,4
1770,71154,91549,4
1771,55210,8358,4
1772,55210,8358,4
1773,71154,91549,4
1774,24378,7992,3
1775,117811,32407,4
1776,117811,32407,4
1777,24378,7992,3
1778,50791,91426,4
1779,71154,91549,4
1780,24378,7992,3
1781,24378,7992,3
1782,71154,91549,4
1783,71154,91549,4
1784,50791,91426,4
1785,118579,10440,3
1786,55210,8358,4
1787,55210,8358,4
1788,71154,91549,4
1789,50791,91426,4
1790,118579,10440,3
1791,118579,10440,3
1792,55210,8358,4
1793,118579,10440,3
1794,24378,7992,3
1795,118579,10440,3
1796,71154,91549,4
1797,24378,7992,3
1798,55210,8358,4
1799,55210,8358,4
1800,118579,10440,3
1801,55210,8358,4
1802,71154,91549,4
1803,24378,7992,3
1804,50791,91426,4
1805,50791,91426,4
1806,117811,32407,4
1807,117811,32407,4
1808,50791,91426,4
1809,55210,8358,4
1810,24378,7992,3
1811,71154,91549,4
1812,24378,7992,3
1813,71154,91549,4
1814,55210,8358,4
1815,55210,8358,4
1816,117811,32407,4
1817,24378,7992,3
1818,50791,91426,4
1819,55210,8358,4
1820,118579,10440,3
1821,24378,7992,3
1822,24378,7992,3
1823,24378,7992,3
1824,118579,10440,3
1825,117811,32407,4
1826,71154,91549,4
1827,71154,91549,4
1828,117811,32407,4
1829,24378,7992,3
1830,71154,91549,4
1831,71154,91549,4
1832,55210,8358,4
1833,71154,91549,4
1834,118579,10440,3
1835,71154,91549,4
1836,118579,10440,3
1837,55210,8358,4
1838,71154,91549,4
1839,50791,91426,4
1840,117811,32407,4
1841,118579,10440,3
1842,117811,32407,4
1843,118579,10440,3
1844,117811,32407,4
1845,24378,7992,3
1846,24378,7992,3
1847,55210,8358,4
1848,117811,32407,4
1849,71154,91549,4
1850,118579,10440,3
1851,50791,91426,4
1852,71154,91549,4
1853,118579,10440,3
1854,118579,10440,3
1855,71154,91549,4
1856,50791,91426,4
1857,24378,7992,3
1858,55210,8358,4
1859,55210,8358,4
1860,24378,7992,3
1861,24378,7992,3
1862,118579,10440,3
1863,71154,91549,4
1864,71154,91549,4
1865,118579,10440,3
1866,71154,91549,4
1867,50791,91426,4
1868,71154,91549,4
1869,55210,8358,4
1870,24378,7992,3
1871,24378,7992,3
1872,50791,91426,4
1873,118579,10440,3
1874,117811,32407,4
1875,55210,8358,4
1876,24378,7992,3
1877,55210,8358,4
1878,117811,32407,4
1879,118579,10440,3
1880,117811,32407,4
1881,71154,91549,4
1882,71154,91549,4
1883,55210,8358,4
1884,50791,91426,4
1885,50791,91426,4
1886,118579,10440,3
1887,71154,91549,4
1888,50791,91426,4
1889,24378,7992,3
1890,118579,10440,3
1891,117811,32407,4
1892,118579,10440,3
1893,117811,32407,4
1894,24378,7992,3
1895,50791,91426,4
1896,24378,7992,3
1897,24378,7992,3
1898,118579,10440,3
1899,71154,91549,4
1900,118579,10440,3
1901,117811,32407,4
1902,24378,7992,3
1903,24378,7992,3
1904,71154,91549,4
1905,55210,8358,4
1906,71154,91549,4
1907,71154,91549,4
1908,117811,32407,4
1909,55210,8358,4
1910,71154,91549,4
1911,24378,7992,3
1912,55210,8358,4
1913,50791,91426,4
1914,24378,7992,3
1915,118579,10440,3
1916,117811,32407,4
1917,71154,91549,4
1918,55210,8358,4
1919,50791,91426,4
1920,71154,91549,4
1921,117811,32407,4
1922,55210,8358,4
1923,71154,91549,4
1924,50791,91426,4
1925,55210,8358,4
1926,117811,32407,4
1927,55210,8358,4
1928,117811,32407,4
1929,24378,7992,3
1930,118579,10440,3
1931,118579,10440,3
1932,71154,91549,4
1933,55210,8358,4
1934,71154,91549,4
1935,117811,32407,4
1936,24378,7992,3
1937,24378,7992,3
1938,118579,10440,3
1939,55210,8358,4
1940,24378,7992,3
1941,50791,91426,4
1942,71154,91549,4
1943,71154,91549,4
1944,118579,10440,3
1945,117811,32407,4
1946,24378,7992,3
1947,71154,91549,4
1948,71154,91549,4
1949,117811,32407,4
1950,71154,91549,4
1951,50791,91426,4
1952,118579,10440,3
1953,117811,32407,4
1954,24378,7992,3
1955,55210,8358,4
1956,24378,7992,3
1957,71154,91549,4
1958,71154,91549,4
1959,117811,32407,4
1960,24378,7992,3
1961,55210,8358,4
1962,50791,91426,4
1963,118579,10440,3
1964,117811,32407,4
1965,117811,32407,4
1966,55210,8358,4
1967,50791,91426,4
1968,50791,91426,4
1969,117811,32407,4
1970,118579,10440,3
1971,24378,7992,3
1972,24378,7992,3
1973,50791,91426,4
1974,24378,7992,3
1975,71154,91549,4
1976,118579,10440,3
1977,50791,91426,4
1978,71154,91549,4
1979,118579,10440,3
1980,55210,8358,4
1981,71154,91549,4
1982,55210,8358,4
1983,118579,10440,3
1984,117811,32407,4
1985,24378,7992,3
1986,50791,91426,4
1987,50791,91426,4
1988,24378,7992,3
1989,71154,91549,4
1990,118579,10440,3
1991,117811,32407,4
1992,71154,91549,4
1993,55210,8358,4
1994,50791,91426,4
1995,50791,91426,4
1996,117811,32407,4
1997,117811,32407,4
1998,71154,91549,4
1999,71154,91549,4
2000,24378,7992,3
2001,50791,91426,4
2002,118579,10440,3
2003,117811,32407,4
2004,117811,32407,4
2005,24378,7992,3
2006,55210,8358,4
2007,50791,91426,4
2008,71154,91549,4
2009,118579,10440,3
2010,117811,32407,4
2011,71154,91549,4
2012,24378,7992,3
2013,71154,91549,4
2014,50791,91426,4
2015,55210,8358,4
2016,117811,32407,4
2017,71154,91549,4
2018,50791,91426,4
2019,24378,7992,3
2020,118579,10440,3
2021,117811,32407,4
2022,24378,7992,3
2023,55210,8358,4
2024,50791,91426,4
2025,24378,7992,3
2026,118579,10440,3
2027,117811,32407,4
2028,24378,7992,3
2029,71154,91549,4
2030,71154,91549,4
2031,55210,8358,4
2032,71154,91549,4
2033,50791,91426,4
2034,55210,8358,4
2035,50791,91426,4
2036,50791,91426,4
2037,55210,8358,4
2038,50791,91426,4
2039,118579,10440,3
2040,24378,7992,3
2041,117811,32407,4
2042,55210,8358,4
2043,55210,8358,4
2044,50791,91426,4
2045,50791,91426,4
2046,71154,91549,4
2047,24378,7992,3
2048,118579,10440,3
2049,71154,91549,4
2050,24378,7992,3
2051,71154,91549,4
2052,50791,91426,4
2053,117811,32407,4
2054,71154,91549,4
2055,55210,8358,4
2056,55210,8358,4
2057,118579,10440,3
2058,117811,32407,4
2059,55210,8358,4
2060,50791,91426,4
2061,118579,10440,3
2062,71154,91549,4
2063,117811,32407,4
2064,55210,8358,4
2065,50791,91426,4
2066,71154,91549,4
2067,50791,91426,4
2068,118579,10440,3
2069,24378,7992,3
2070,24378,7992,3
2071,117811,32407,4
2072,118579,10440,3
2073,117811,32407,4
2074,118579,10440,3
2075,55210,8358,4
2076,24378,7992,3
2077,50791,91426,4
2078,71154,91549,4
2079,24378,7992,3
2080,71154,91549,4
2081,55210,8358,4
2082,50791,91426,4
2083,117811,32407,4
2084,55210,8358,4
2085,24378,7992,3
2086,50791,91426,4
2087,24378,7992,3
2088,55210,8358,4
2089,117811,32407,4
2090,118579,10440,3
2091,117811,32407,4
2092,71154,91549,4
2093,71154,91549,4
2094,118579,10440,3
2095,117811,32407,4
2096,71154,91549,4
2097,50791,91426,4
2098,118579,10440,3
2099,117811,32407,4
2100,55210,8358,4
2101,71154,91549,4
2102,50791,91426,4
2103,118579,10440,3
2104,50791,91426,4
2105,118579,10440,3
2106,117811,32407,4
2107,50791,91426,4
2108,71154,91549,4
2109,118579,10440,3
2110,71154,91549,4
2111,24378,7992,3
2112,71154,91549,4
2113,71154,91549,4
2114,71154,91549,4
2115,55210,8358,4
2116,24378,7992,3
2117,55210,8358,4
2118,50791,91426,4
2119,118579,10440,3
2120,118579,10440,3
2121,117811,32407,4
2122,24378,7992,3
2123,50791,91426,4
2124,118579,10440,3
2125,24378,7992,3
2126,50791,91426,4
2127,55210,8358,4
2128,71154,91549,4
2129,50791,91426,4
2130,117811,32407,4
2131,71154,91549,4
2132,50791,91426,4
2133,24378,7992,3
2134,118579,10440,3
2135,50791,91426,4
2136,117811,32407,4
2137,118579,10440,3
2138,24378,7992,3
2139,117811,32407,4
2140,50791,91426,4
2141,50791,91426,4
2142,24378,7992,3
2143,118579,10440,3
2144,71154,91549,4
2145,118579,10440,3
2146,24378,7992,3
2147,50791,91426,4
2148,117811,32407,4
2149,55210,8358,4
2150,71154,91549,4
2151,50791,91426,4
2152,50791,91426,4
2153,50791,91426,4
2154,117811,32407,4
2155,118579,10440,3
2156,24378,7992,3
2157,55210,8358,4
2158,24378,7992,3
2159,24378,7992,3
2160,71154,91549,4
2161,24378,7992,3
2162,71154,91549,4
2163,50791,91426,4
2164,71154,91549,4
2165,55210,8358,4
2166,50791,91426,4
2167,118579,10440,3
2168,55210,8358,4
2169,71154,91549,4
2170,50791,91426,4
2171,24378,7992,3
2172,117811,32407,4
2173,55210,8358,4
2174,50791,91426,4
2175,71154,91549,4
2176,50791,91426,4
2177,117811,32407,4
2178,24378,7992,3
2179,24378,7992,3
2180,50791,91426,4
2181,71154,91549,4
2182,55210,8358,4
2183,118579,10440,3
2184,117811,32407,4
2185,118579,10440,3
2186,50791,91426,4
2187,117811,32407,4
2188,118579,10440,3
2189,117811,32407,4
2190,118579,10440,3
2191,117811,32407,4
2192,50791,91426,4
2193,24378,7992,3
2194,50791,91426,4
2195,118579,10440,3
2196,24378,7992,3
2197,71154,91549,4
2198,71154,91549,4
2199,55210,8358,4
2200,71154,91549,4
2201,50791,91426,4
2202,118579,10440,3
2203,117811,32407,4
2204,24378,7992,3
2205,50791,91426,4
2206,55210,8358,4
2207,24378,7992,3
2208,55210,8358,4
2209,118579,10440,3
2210,118579,10440,3
2211,55210,8358,4
2212,55210,8358,4
2213,24378,7992,3
2214,71154,91549,4
2215,117811,32407,4
2216,24378,7992,3
2217,55210,8358,4
2218,71154,91549,4
2219,71154,91549,4
2220,117811,32407,4
2221,71154,91549,4
2222,50791,91426,4
2223,55210,8358,4
2224,118579,10440,3
2225,117811,32407,4
2226,24378,7992,3
2227,117811,32407,4
2228,55210,8358,4
2229,71154,91549,4
2230,50791,91426,4
2231,117811,32407,4
2232,117811,32407,4
2233,71154,91549,4
2234,117811,32407,4
2235,71154,91549,4
2236,55210,8358,4
2237,71154,91549,4
2238,55210,8358,4
2239,50791,91426,4
2240,118579,10440,3
2241,117811,32407,4
2242,118579,10440,3
2243,117811,32407,4
2244,55210,8358,4
2245,118579,10440,3
2246,117811,32407,4
2247,50791,91426,4
2248,24378,7992,3
2249,55210,8358,4
2250,117811,32407,4
2251,24378,7992,3
2252,24378,7992,3
2253,71154,91549,4
2254,55210,8358,4
2255,50791,91426,4
2256,118579,10440,3
2257,117811,32407,4
2258,117811,32407,4
2259,71154,91549,4
2260,50791,91426,4
2261,55210,8358,4
2262,118579,10440,3
2263,50791,91426,4
2264,24378,7992,3
2265,117811,32407,4
2266,50791,91426,4
2267,24378,7992,3
2268,71154,91549,4
2269,50791,91426,4
2270,24378,7992,3
2271,117811,32407,4
2272,24378,7992,3
2273,24378,7992,3
2274,71154,91549,4
2275,71154,91549,4
2276,117811,32407,4
2277,55210,8358,4
2278,50791,91426,4
2279,55210,8358,4
2280,118579,10440,3
2281,55210,8358,4
2282,118579,10440,3
2283,50791,91426,4
2284,117811,32407,4
2285,118579,10440,3
2286,117811,32407,4
2287,71154,91549,4
2288,50791,91426,4
2289,71154,91549,4
2290,55210,8358,4
2291,50791,91426,4
2292,118579,10440,3
2293,117811,32407,4
2294,71154,91549,4
2295,50791,91426,4
2296,55210,8358,4
2297,50791,91426,4
2298,118579,10440,3
2299,117811,32407,4
2300,24378,7992,3
2301,24378,7992,3
2302,55210,8358,4
2303,50791,91426,4
2304,24378,7992,3
2305,118579,10440,3
2306,117811,32407,4
2307,24378,7992,3
2308,50791,91426,4
2309,71154,91549,4
2310,50791,91426,4
2311,71154,91549,4
2312,24378,7992,3
2313,55210,8358,4
2314,55210,8358,4
2315,50791,91426,4
2316,118579,10440,3
2317,24378,7992,3
2318,55210,8358,4
2319,117811,32407,4
2320,24378,7992,3
2321,55210,8358,4
2322,50791,91426,4
2323,71154,91549,4
2324,71154,91549,4
2325,50791,91426,4
2326,118579,10440,3
2327,117811,32407,4
2328,118579,10440,3
2329,55210,8358,4
2330,118579,10440,3
2331,117811,32407,4
2332,24378,7992,3
2333,118579,10440,3
2334,50791,91426,4
2335,24378,7992,3
2336,71154,91549,4
2337,55210,8358,4
2338,24378,7992,3
2339,50791,91426,4
2340,71154,91549,4
2341,24378,7992,3
2342,24378,7992,3
2343,55210,8358,4
2344,118579,10440,3
2345,117811,32407,4
2346,24378,7992,3
2347,50791,91426,4
2348,55210,8358,4
2349,71154,91549,4
2350,24378,7992,3
2351,55210,8358,4
2352,55210,8358,4
2353,24378,7992,3
2354,50791,91426,4
2355,24378,7992,3
2356,24378,7992,3
2357,50791,91426,4
2358,55210,8358,4
2359,71154,91549,4
2360,118579,10440,3
2361,55210,8358,4
2362,50791,91426,4
2363,55210,8358,4
2364,118579,10440,3
2365,55210,8358,4
2366,71154,91549,4
2367,117811,32407,4
2368,118579,10440,3
2369,117811,32407,4
2370,24378,7992,3
2371,55210,8358,4
2372,50791,91426,4
2373,117811,32407,4
2374,117811,32407,4
2375,24378,7992,3
2376,55210,8358,4
2377,24378,7992,3
2378,24378,7992,3
2379,118579,10440,3
2380,24378,7992,3
2381,55210,8358,4
2382,118579,10440,3
2383,24378,7992,3
2384,50791,91426,4
2385,24378,7992,3
2386,24378,7992,3
2387,50791,91426,4
2388,50791,91426,4
2389,118579,10440,3
2390,71154,91549,4
2391,24378,7992,3
2392,55210,8358,4
2393,50791,91426,4
2394,50791,91426,4
2395,118579,10440,3
2396,117811,32407,4
2397,24378,7992,3
2398,50791,91426,4
2399,55210,8358,4
2400,71154,91549,4
2401,55210,8358,4
2402,50791,91426,4
2403,71154,91549,4
2404,117811,32407,4
2405,55210,8358,4
2406,55210,8358,4
2407,118579,10440,3
2408,117811,32407,4
2409,50791,91426,4
2410,24378,7992,3
2411,24378,7992,3
2412,71154,91549,4
2413,55210,8358,4
2414,117811,32407,4
2415,50791,91426,4
2416,117811,32407,4
2417,71154,91549,4
2418,55210,8358,4
2419,71154,91549,4
2420,117811,32407,4
2421,24378,7992,3
2422,55210,8358,4
2423,55210,8358,4
2424,24378,7992,3
2425,117811,32407,4
2426,50791,91426,4
2427,24378,7992,3
2428,50791,91426,4
2429,118579,10440,3
2430,24378,7992,3
2431,71154,91549,4
2432,118579,10440,3
2433,55210,8358,4
2434,24378,7992,3
2435,71154,91549,4
2436,55210,8358,4
2437,71154,91549,4
2438,50791,91426,4
2439,71154,91549,4
2440,71154,91549,4
2441,117811,32407,4
2442,24378,7992,3
2443,24378,7992,3
2444,50791,91426,4
2445,71154,91549,4
2446,117811,32407,4
2447,118579,10440,3
2448,117811,32407,4
2449,55210,8358,4
2450,117811,32407,4
2451,24378,7992,3
2452,55210,8358,4
2453,24378,7992,3
2454,55210,8358,4
2455,71154,91549,4
2456,117811,32407,4
2457,50791,91426,4
2458,24378,7992,3
2459,71154,91549,4
2460,118579,10440,3
2461,117811,32407,4
2462,24378,7992,3
2463,50791,91426,4
2464,24378,7992,3
2465,55210,8358,4
2466,71154,91549,4
2467,118579,10440,3
2468,71154,91549,4
2469,24378,7992,3
2470,50791,91426,4
2471,118579,10440,3
2472,71154,91549,4
2473,117811,32407,4
2474,71154,91549,4
2475,118579,10440,3
2476,117811,32407,4
2477,24378,7992,3
2478,50791,91426,4
2479,50791,91426,4
2480,71154,91549,4
2481,55210,8358,4
2482,50791,91426,4
2483,118579,10440,3
2484,117811,32407,4
2485,71154,91549,4
2486,71154,91549,4
2487,55210,8358,4
2488,118579,10440,3
2489,71154,91549,4
2490,118579,10440,3
2491,24378,7992,3
2492,55210,8358,4
2493,55210,8358,4
2494,50791,91426,4
2495,55210,8358,4
2496,118579,10440,3
2497,50791,91426,4
2498,118579,10440,3
2499,50791,91426,4
2500,24378,7992,3
2501,117811,32407,4
2502,118579,10440,3
2503,55210,8358,4
2504,50791,91426,4
2505,50791,91426,4
2506,118579,10440,3
2507,117811,32407,4
2508,71154,91549,4
2509,117811,32407,4
2510,24378,7992,3
2511,55210,8358,4
2512,24378,7992,3
2513,71154,91549,4
2514,117811,32407,4
2515,50791,91426,4
2516,117811,32407,4
2517,50791,91426,4
2518,24378,7992,3
2519,117811,32407,4
2520,24378,7992,3
2521,71154,91549,4
2522,55210,8358,4
2523,50791,91426,4
2524,50791,91426,4
2525,55210,8358,4
2526,117811,32407,4
2527,71154,91549,4
2528,71154,91549,4
2529,117811,32407,4
2530,50791,91426,4
2531,24378,7992,3
2532,50791,91426,4
2533,118579,10440,3
2534,117811,32407,4
2535,50791,91426,4
2536,117811,32407,4
2537,24378,7992,3
2538,71154,91549,4
2539,117811,32407,4
2540,24378,7992,3
2541,71154,91549,4
2542,50791,91426,4
2543,118579,10440,3
2544,117811,32407,4
2545,71154,91549,4
2546,71154,91549,4
2547,71154,91549,4
2548,117811,32407,4
2549,24378,7992,3
2550,55210,8358,4
2551,50791,91426,4
2552,55210,8358,4
2553,118579,10440,3
2554,117811,32407,4
2555,24378,7992,3
2556,24378,7992,3
2557,24378,7992,3
2558,55210,8358,4
2559,71154,91549,4
2560,50791,91426,4
2561,118579,10440,3
2562,117811,32407,4
2563,50791,91426,4
2564,71154,91549,4
2565,24378,7992,3
2566,50791,91426,4
2567,24378,7992,3
2568,118579,10440,3
2569,24378,7992,3
2570,118579,10440,3
2571,24378,7992,3
2572,24378,7992,3
2573,117811,32407,4
2574,55210,8358,4
2575,71154,91549,4
2576,50791,91426,4
2577,71154,91549,4
2578,55210,8358,4
2579,117811,32407,4
2580,117811,32407,4
2581,55210,8358,4
2582,55210,8358,4
2583,50791,91426,4
2584,71154,91549,4
2585,55210,8358,4
2586,50791,91426,4
2587,117811,32407,4
2588,55210,8358,4
